{"cameraMode":{"drawMode":0,"name":"Shaded","section":"Shading Mode"},"sceneLighting":true,"audioPlay":false,"sceneViewState":{"showFog":true,"showMaterialUpdate":false,"showSkybox":true,"showFlares":true,"showImageEffects":true,"showParticleSystems":true},"in2DMode":false,"pivot":{"x":-5.653036117553711,"y":-4.2268242835998539,"z":5.119241714477539},"rotation":{"x":-0.27424874901771548,"y":0.4135857820510864,"z":-0.13213226199150086,"w":-0.8581354022026062},"size":21.049684524536134,"orthographic":false}